Emp ID,First Name,Last Name,DOB,SSN,State
416,Paula,Doyle,6/18/1985,***-**-5707,PA
231,Neil,Reeves,7/18/1993,***-**-7510,PA
414,Rachel,Black,2/4/1979,***-**-1389,UT
563,Dorothy,Alexander,9/18/1974,***-**-0936,VT
241,Robert,Thomas,6/28/1978,***-**-9251,PA
553,Jennifer,Thomas,9/26/1974,***-**-5940,MT
375,Kathryn,Mclaughlin,7/2/1981,***-**-5951,WI
139,Marcus,Tran,12/9/1990,***-**-1027,OR
282,David,Garcia,4/28/1994,***-**-5705,MO
264,Jessica,Wheeler,9/19/1973,***-**-2146,KY
407,Kyle,Waller,9/21/1992,***-**-1514,FL
44,Beth,Lawrence,6/28/1988,***-**-6746,MS
169,Rachel,Lopez,9/22/1985,***-**-5600,FL
59,Cindy,Bauer,7/1/1991,***-**-8889,NJ
425,Anthony,Richardson,2/26/1995,***-**-8868,HI
213,Michael,Williams,2/14/1988,***-**-4955,ID
458,Stephen,Miller,10/2/1984,***-**-0094,WV
535,Jacqueline,Chapman,8/29/1973,***-**-6253,PA
577,Cody,Coffey,12/10/1992,***-**-9118,AR
159,Michael,Lyons,8/8/1977,***-**-5484,DE
514,Desiree,Ellis,9/19/1987,***-**-6870,NC
313,Kathy,Ali,9/28/1978,***-**-4119,OH
465,Tiffany,Wheeler,5/13/1984,***-**-6711,OK
493,Brandon,Smith,9/2/1980,***-**-1938,HI
572,Scott,Phillips,1/25/1978,***-**-1441,AK
368,Devin,Flores,8/27/1976,***-**-3403,NV
52,Sandra,Mills,1/1/1982,***-**-7564,MD
314,Brian,King,1/18/1994,***-**-7270,ND
556,Lee,Wright,4/16/1993,***-**-9042,NM
275,Matthew,Gutierrez,7/17/1994,***-**-1814,PA
220,Phyllis,Anderson,7/1/1981,***-**-5995,RI
593,Russell,Salazar,5/18/1980,***-**-0206,NM
115,Anita,Thompson,2/3/1978,***-**-3176,CT
232,Jared,Santiago,3/1/1976,***-**-0047,OR
440,Jessica,Nguyen,2/5/1986,***-**-4951,HI
130,Steven,Baker,3/16/1974,***-**-0285,ID
153,Christopher,Carrillo,4/20/1994,***-**-7106,VT
260,Laura,Rose,5/20/1977,***-**-7401,NE
491,Jamie,Wilson,8/19/1992,***-**-0215,WV
7,Mary,Ray,2/16/1978,***-**-4224,MA
329,Rhonda,Ryan,4/11/1993,***-**-7078,KS
651,Terri,Hammond,11/20/1974,***-**-1287,MT
437,Tommy,Martin,12/16/1991,***-**-9518,WV
230,Scott,Johnston,7/19/1985,***-**-7317,AR
413,Nancy,Taylor,10/11/1975,***-**-9598,NE
176,Travis,Jones,4/23/1988,***-**-5987,NY
20,Donna,Taylor,11/5/1975,***-**-8283,MS
361,Joshua,Greene,6/29/1993,***-**-5544,FL
544,Gary,Robertson,8/22/1984,***-**-9989,UT
634,Jocelyn,Davis,7/29/1990,***-**-2724,WI
37,Miranda,Ellison,3/10/1978,***-**-1820,NM
87,Peter,Robinson,1/9/1991,***-**-9605,AZ
592,Richard,Davis,6/16/1993,***-**-7539,NY
142,Madison,Howard,7/14/1988,***-**-2254,IL
334,Brian,West,10/11/1984,***-**-7201,FL
341,John,Anderson,6/11/1978,***-**-5435,SD
106,Douglas,Morgan,12/22/1983,***-**-7560,AK
14,Traci,Jordan,10/21/1993,***-**-3204,ID
349,Jacob,Tucker,9/22/1992,***-**-7919,AR
448,Derrick,Holmes,2/10/1980,***-**-2185,VA
481,David,Gonzales,9/2/1986,***-**-9513,CO
538,Elaine,Sanchez,11/4/1986,***-**-2078,WI
635,Joshua,Carpenter,10/26/1979,***-**-0876,OR
328,Dana,Cruz,2/13/1995,***-**-9006,GA
24,Samantha,Fisher,8/13/1977,***-**-9090,UT
206,Kristine,Trujillo,1/22/1983,***-**-5551,ME
460,Randy,Turner,2/21/1988,***-**-1983,NY
587,Lucas,Bell,7/10/1993,***-**-5117,CT
312,Amanda,Simmons,2/13/1988,***-**-1776,OK
214,Jared,Willis,10/8/1988,***-**-1078,IL
648,Sandra,Owens,8/2/1985,***-**-7521,ND
489,Desiree,Ruiz,12/17/1994,***-**-3657,MS
311,Matthew,Cook,12/20/1992,***-**-3316,NE
292,Peter,Bennett,4/22/1984,***-**-6465,SD
418,Katelyn,Clark,2/22/1991,***-**-6788,ID
124,Keith,Perry,10/29/1991,***-**-8041,HI
539,Jacob,Moore,3/30/1994,***-**-4674,NY
75,Kimberly,Byrd,6/15/1973,***-**-6623,NC
163,Michael,Merritt,5/2/1986,***-**-2058,PA
8,Rachel,Hatfield,11/3/1985,***-**-8637,SD
323,Cody,Chase,7/20/1995,***-**-3665,MN
61,Suzanne,Scott,12/11/1994,***-**-3058,MN
554,John,Garner,5/9/1987,***-**-9484,AL
506,Patricia,Oliver,11/3/1987,***-**-0182,IA
283,Monica,Williams,12/3/1992,***-**-1970,IL
99,Karen,Gomez,10/2/1995,***-**-1141,DE
355,Kevin,Ball,6/21/1985,***-**-9723,MD
547,Stacey,Stewart,7/5/1986,***-**-0952,MN
367,William,Hansen,3/26/1982,***-**-9249,ID
38,Mary,Rogers,10/28/1980,***-**-7704,DE
628,Erica,Dudley,12/22/1985,***-**-9860,WA
156,Kimberly,Short,8/10/1979,***-**-6402,SD
119,Ashley,Myers,9/11/1988,***-**-0636,CT
202,Lauren,Huynh,3/25/1982,***-**-2431,IN
23,Larry,Moreno,9/29/1988,***-**-3184,AL
123,Stephen,Murphy,6/24/1988,***-**-0955,MN
378,Taylor,Blackwell,11/6/1991,***-**-6882,WY
582,Tony,Ramos,11/4/1983,***-**-1334,WA
565,Patrick,Flores,9/1/1979,***-**-9721,ID
233,Todd,Wood,3/12/1976,***-**-8394,CA
637,Samantha,Williams,5/1/1976,***-**-4881,NV
495,Scott,Nelson,1/13/1989,***-**-8050,ID
10,Shannon,Mendoza,12/31/1989,***-**-8698,NC
441,Maria,Ward,4/11/1993,***-**-4262,RI
225,Gabriel,Franklin,7/30/1994,***-**-9303,LA
492,William,Obrien,10/11/1974,***-**-3479,NV
581,Christina,Barton,12/1/1980,***-**-5391,CA
278,Gerald,Clark,5/19/1991,***-**-8875,OH
443,Michael,Torres,9/6/1990,***-**-3666,RI
424,Jennifer,Gonzalez,7/28/1978,***-**-4405,MS
524,Michael,Johnson,12/20/1992,***-**-5040,MS
417,Karen,Robbins,12/27/1991,***-**-5086,TX
551,Mary,Norris,12/6/1983,***-**-8894,NE
81,Aaron,Taylor,12/26/1984,***-**-4774,FL
605,Donna,Wallace,10/19/1991,***-**-2176,VT
149,Melissa,Boyle,10/25/1982,***-**-9827,KS
499,Lisa,Rogers,2/21/1992,***-**-6750,MT
490,Roberta,Hayes,3/29/1990,***-**-7274,MD
216,Leah,Tapia,11/26/1975,***-**-2699,WA
162,Stacey,Reilly,5/25/1993,***-**-0866,PA
129,Cheryl,Lynch,7/6/1992,***-**-2309,VT
31,Paul,Cox,4/19/1987,***-**-2668,TX
212,Sean,Hughes,5/24/1981,***-**-1370,MS
160,Tiffany,Anthony,11/19/1977,***-**-2891,MD
199,Victor,Wagner,10/20/1980,***-**-6057,UT
6,Ashley,Allen,4/20/1991,***-**-3259,PA
236,Tara,Patterson,4/30/1974,***-**-5188,FL
570,Jennifer,Brown,7/28/1989,***-**-2639,KS
557,Annette,Walton,7/9/1991,***-**-7708,OH
279,Daniel,Mendez,12/17/1974,***-**-3623,ND
470,Dustin,Love,4/28/1984,***-**-0970,SC
105,Sara,Vega,8/22/1985,***-**-3765,AR
611,Eric,Johnson,5/23/1985,***-**-6718,CO
502,Robert,Moore,8/2/1985,***-**-2966,MA
210,Tina,Garza,5/25/1986,***-**-6787,RI
255,Charles,Brown,12/12/1974,***-**-4514,ID
321,Jason,Johnson,8/14/1986,***-**-7096,OK
530,Damon,Murphy,8/16/1984,***-**-1525,DE
555,Jeff,Mckinney,10/30/1984,***-**-4470,WY
94,James,Patrick,7/10/1976,***-**-7626,MN
95,Wesley,Gutierrez,11/30/1976,***-**-9595,CA
456,Caitlin,Bates,8/6/1990,***-**-3403,OK
303,Barbara,Walker,8/13/1980,***-**-4570,IN
68,Angela,Turner,3/30/1994,***-**-5121,NC
204,Clayton,Spencer,7/9/1992,***-**-2200,KS
438,Walter,Sanchez,6/5/1991,***-**-1408,HI
386,Bradley,Sanchez,9/11/1982,***-**-0556,IL
72,Jamie,Stevens,1/29/1981,***-**-1248,IL
240,Anthony,Blair,6/7/1985,***-**-8655,VT
584,Xavier,Freeman,9/1/1978,***-**-1405,VT
433,Eric,Vang,4/21/1977,***-**-0165,HI
122,Patricia,Taylor,3/14/1979,***-**-2559,OR
42,Steven,Robinson,4/24/1994,***-**-0955,MA
143,Tina,Bridges,3/12/1993,***-**-0676,CO
30,Erik,Downs,8/13/1979,***-**-1387,OH
157,Anna,Robinson,4/1/1982,***-**-9937,RI
477,Autumn,Mcdaniel,7/10/1989,***-**-9563,TX
308,Logan,Morris,12/9/1982,***-**-6823,FL
643,Denise,Reyes,6/10/1995,***-**-2075,TX
380,Cristina,Richard,8/5/1994,***-**-0374,SD
11,Robert,Wilcox,6/3/1989,***-**-3146,OR
639,Sarah,Cruz,2/17/1988,***-**-0973,WA
574,Ryan,Rodriguez,6/1/1995,***-**-7992,AL
340,Anthony,Zuniga,3/21/1980,***-**-8169,SD
467,Christina,Flores,11/25/1989,***-**-8230,NE
319,Jennifer,Allen,5/7/1992,***-**-9634,GA
96,Shane,Sandoval,7/9/1980,***-**-0343,DE
250,Veronica,Harris,7/12/1990,***-**-4958,FL
145,Adriana,Jimenez,9/22/1975,***-**-8894,MT
590,Crystal,Johnson,9/14/1995,***-**-3062,WI
309,Andrea,Whitaker,5/6/1979,***-**-0855,NE
211,Lisa,Spears,10/19/1977,***-**-4764,FL
239,Sarah,Kane,4/7/1994,***-**-5267,KS
596,Ryan,Moore,3/7/1980,***-**-2075,FL
301,Lori,Parker,12/15/1982,***-**-4299,IA
70,Jacob,Hall,1/15/1996,***-**-9931,NH
80,Karen,Morgan,8/10/1984,***-**-1773,WV
330,Jacqueline,Burke,3/18/1987,***-**-4435,NJ
304,Jacob,Owens,2/7/1981,***-**-0499,NJ
387,Jason,Chang,9/16/1979,***-**-3217,NY
259,Jeremy,Robinson,9/16/1986,***-**-0911,VA
89,Andrew,Reynolds,7/22/1975,***-**-6931,MD
191,Cheryl,Patel,10/7/1981,***-**-2870,NV
428,Ryan,Nguyen,4/14/1984,***-**-4796,FL
45,Ronald,Thompson,4/16/1993,***-**-8505,AL
200,Jesse,Fletcher,9/26/1983,***-**-2435,AZ
351,Thomas,Hood,11/26/1994,***-**-7137,VA
15,Michael,Harrington,7/19/1990,***-**-2650,AR
53,Sarah,Fisher,12/22/1994,***-**-6502,NV
280,Jeffery,Jones,4/14/1989,***-**-8608,TX
501,Andrea,Moore,12/29/1977,***-**-3868,FL
181,Tiffany,King,3/27/1985,***-**-8676,TN
120,William,Flores,4/18/1983,***-**-7960,AZ
284,Heather,Simpson,2/19/1986,***-**-6664,UT
627,Randy,Mckinney,6/19/1989,***-**-2181,IN
566,Stephanie,Anthony,8/25/1979,***-**-1513,MT
423,Zachary,Nguyen,11/22/1988,***-**-3125,MA
644,Diane,Moran,2/5/1987,***-**-6798,DE
399,Sherry,Williams,1/31/1981,***-**-1372,LA
55,Mathew,Lindsey,5/13/1986,***-**-7066,ME
136,Cathy,Ferguson,10/10/1991,***-**-8105,VT
545,Whitney,Jones,9/3/1991,***-**-1259,MO
371,Colton,Jones,3/30/1980,***-**-0760,SC
198,Brian,Fernandez,5/26/1988,***-**-1369,RI
35,Lisa,Melendez,2/27/1991,***-**-6202,IN
528,Benjamin,Stone,1/6/1989,***-**-6210,IN
249,Kelly,Scott,2/1/1977,***-**-0606,LA
624,Laura,Petersen,3/26/1983,***-**-1581,AR
543,Scott,Vargas,12/23/1995,***-**-1655,RI
193,James,Clark,4/14/1976,***-**-2931,MI
427,Stephanie,Smith,3/5/1977,***-**-8136,IL
93,Timothy,Daniels,9/12/1986,***-**-5160,NC
83,Jessica,Lucas,2/17/1986,***-**-2442,MO
571,Amy,Howard,11/13/1982,***-**-1410,IL
65,Kyle,Newton,3/27/1985,***-**-8308,AK
135,Beth,Lucero,2/16/1983,***-**-1021,CO
452,Virginia,Russell,7/22/1993,***-**-3833,IA
523,Edgar,Gordon,10/4/1977,***-**-2285,NV
509,Brent,Morris,9/30/1995,***-**-7769,OH
41,Sheila,Barrett,12/11/1984,***-**-1405,OH
348,Bradley,Cummings,8/26/1981,***-**-9542,VT
12,Rachael,York,7/27/1978,***-**-0084,NC
511,Robert,Price,2/23/1974,***-**-2220,TX
86,David,Archer,1/3/1989,***-**-7597,HI
576,Brian,Martinez,10/21/1987,***-**-0720,AK
315,Ryan,Bell,12/22/1990,***-**-1629,MS
474,Dustin,Cox,4/16/1974,***-**-2152,WA
409,Kayla,Johnson,11/27/1989,***-**-1379,MN
190,Jeremiah,Heath,8/7/1979,***-**-3423,IL
650,Aaron,Haas,11/15/1989,***-**-8540,CT
103,Justin,Kennedy,5/25/1988,***-**-7169,CA
653,Jonathan,Reyes,5/25/1982,***-**-2398,FL
521,Linda,Carlson,9/6/1974,***-**-3389,TN
22,Vanessa,Larsen,5/4/1991,***-**-7843,MN
518,Cory,Wilson,9/27/1995,***-**-5856,GA
347,Eric,Johnson,7/25/1987,***-**-6351,IA
219,Phillip,Frank,3/28/1985,***-**-2500,MD
402,Laura,Baker,4/1/1992,***-**-1038,MI
147,Jodi,Whitaker,4/16/1979,***-**-6996,CO
412,Herbert,Goodman,11/21/1995,***-**-6872,CT
262,Ryan,Fisher,10/6/1992,***-**-9219,MT
512,Erin,Graham,3/30/1986,***-**-1110,MA
177,Clinton,Woodward,4/17/1980,***-**-1125,CA
261,Jamie,Munoz,4/13/1990,***-**-4938,NE
606,Carrie,Clark,8/18/1984,***-**-7011,NY
513,David,Hartman,2/19/1980,***-**-2669,NY
126,Charles,Bowman,4/30/1978,***-**-8098,SC
107,Kevin,Mcknight,1/31/1996,***-**-8182,MI
288,Kendra,Lopez,9/25/1979,***-**-5529,VA
137,Kenneth,Willis,9/5/1985,***-**-5882,OH
141,Douglas,Hall,12/11/1976,***-**-1434,NH
464,Matthew,Reese,1/23/1974,***-**-6301,OR
641,Jose,Ortega,7/20/1980,***-**-6279,MN
503,Audrey,Anderson,7/7/1993,***-**-0491,AK
484,Sherri,Navarro,10/22/1989,***-**-1178,MD
379,Christopher,Green,12/27/1986,***-**-3515,FL
246,Robin,Robinson,3/31/1990,***-**-8508,OR
125,Nicholas,Johnson,1/19/1987,***-**-6478,TX
158,Angela,Hernandez,3/16/1984,***-**-3518,KS
92,Kimberly,Sanchez,5/2/1976,***-**-2740,KY
192,Thomas,Williams,10/9/1988,***-**-4595,PA
516,David,Olson,10/21/1979,***-**-9661,HI
415,Lynn,Sharp,8/8/1982,***-**-9945,WA
128,Charles,Kramer,7/22/1993,***-**-0343,MT
113,Martin,Castro,10/22/1994,***-**-9381,MO
121,Meagan,Morris,8/21/1984,***-**-7083,RI
183,Robert,Harris,4/1/1988,***-**-8744,OK
508,James,Hendricks,7/10/1994,***-**-9917,AK
531,Lisa,Cooper,4/26/1993,***-**-9317,MA
642,Tina,Perez,1/29/1980,***-**-3223,MO
102,Robert,Cox,9/20/1978,***-**-1063,NJ
517,Samantha,Hunt,3/11/1980,***-**-1271,OK
536,Kenneth,Baker,10/12/1974,***-**-2325,SD
505,Colleen,Hernandez,12/1/1977,***-**-8568,MA
118,Danielle,Anderson,3/28/1979,***-**-1415,OH
182,George,Martin,5/5/1979,***-**-0226,KY
331,Michael,Smith,7/8/1990,***-**-8044,ND
310,Ralph,Phillips,1/18/1993,***-**-6692,AL
185,Patrick,Jimenez,4/8/1983,***-**-7924,CA
562,Eugene,Martinez,10/18/1993,***-**-3365,OK
525,Mitchell,Wright,10/15/1983,***-**-0466,TX
411,Jennifer,Hernandez,6/4/1992,***-**-9345,OK
337,Tina,Suarez,1/5/1984,***-**-5112,MS
188,Larry,Petersen,10/29/1987,***-**-9584,RI
383,Eric,Choi,12/24/1987,***-**-5068,IL
215,Deborah,Taylor,8/31/1985,***-**-1375,UT
376,Patrick,Hogan,9/6/1985,***-**-5438,UT
578,Jessica,Sandoval,10/5/1992,***-**-4085,OR
324,Diana,Friedman,11/28/1979,***-**-0370,NJ
546,Donald,Barber,4/29/1983,***-**-1236,MN
586,Erik,Weber,3/30/1992,***-**-2094,NC
295,Joseph,Black,9/24/1995,***-**-5941,PA
82,Brian,Lane,5/5/1984,***-**-9301,NM
475,Wendy,Martinez,6/9/1995,***-**-1082,IA
479,Donna,Jackson,1/29/1992,***-**-9982,GA
454,Christopher,Nelson,11/5/1992,***-**-2915,NC
174,Sheila,Swanson,7/8/1974,***-**-7222,NM
235,Rachel,Sanders,6/8/1977,***-**-8599,AZ
473,Kara,Schwartz,5/13/1973,***-**-9346,AR
265,Angela,Sawyer,9/19/1977,***-**-6834,CT
58,Kelly,Mccarty,1/2/1993,***-**-8929,WV
13,Arthur,Smith,7/20/1981,***-**-9024,MT
316,Tanya,Franco,9/30/1985,***-**-0241,PA
173,Joel,Evans,4/3/1987,***-**-2139,IL
504,Sean,Reyes,10/23/1991,***-**-1651,NE
430,Kent,Kennedy,2/4/1989,***-**-6237,SD
614,Carly,Sanchez,10/19/1986,***-**-6841,DE
486,Kathleen,Gilbert,6/18/1973,***-**-4077,HI
398,Kristin,Bernard,2/4/1995,***-**-4161,MT
67,Barbara,Castro,9/8/1984,***-**-0814,HI
345,Bryan,Knight,9/2/1991,***-**-8113,MD
110,Taylor,Friedman,1/5/1975,***-**-5583,IL
335,Brenda,Kelly,3/12/1978,***-**-3518,NC
74,Trevor,Turner,5/19/1980,***-**-2315,AL
591,Barry,Mcgrath,11/7/1975,***-**-7345,SD
187,Timothy,Owens,7/19/1991,***-**-4020,IA
5,David,Hurley,12/25/1995,***-**-9728,AK
338,Julie,Stephens,8/19/1987,***-**-6030,MI
27,Samuel,Davis,6/27/1980,***-**-1994,SC
599,Barbara,Clements,2/27/1989,***-**-4280,WV
245,Rebecca,Bradley,11/6/1978,***-**-2272,ID
434,Miranda,White,12/8/1983,***-**-5621,AL
633,Kimberly,Miranda,9/12/1993,***-**-4607,NY
229,Kevin,Ramos,11/2/1974,***-**-2870,OH
205,Randall,Chandler,5/8/1976,***-**-3202,TX
541,Katrina,Maldonado,3/17/1978,***-**-5580,TX
114,Ashley,Stephens,3/4/1995,***-**-6539,OH
76,Brian,Aguilar,6/17/1974,***-**-6733,MS
243,Jennifer,Lowe,1/14/1974,***-**-8114,NC
352,Dennis,Brown,5/5/1980,***-**-3581,OK
127,Ryan,Miller,7/30/1985,***-**-1246,CO
19,Bryan,Moore,1/30/1982,***-**-0830,CA
73,Garrett,Lam,1/19/1979,***-**-8445,NV
462,Joseph,Barrera,1/2/1975,***-**-4990,AK
608,Linda,Keller,4/15/1984,***-**-9819,WI
49,Anthony,Marquez,11/28/1977,***-**-4241,KS
218,Jessica,Francis,9/19/1980,***-**-0636,OR
613,Daniel,Rush,1/19/1984,***-**-5034,OH
116,Ricardo,Drake,3/27/1975,***-**-0745,VA
322,Maria,Taylor,9/24/1979,***-**-1560,HI
397,Michael,Dougherty,2/1/1979,***-**-1597,CT
598,Kathleen,Edwards,10/31/1983,***-**-8314,PA
366,Jill,Butler,8/19/1985,***-**-7262,FL
254,Darryl,Leblanc,12/22/1988,***-**-4923,NH
186,Brittany,Boyd,8/31/1988,***-**-4880,WY
406,John,Moore,1/16/1991,***-**-5924,AL
221,Derek,Blake,11/12/1985,***-**-9563,CT
483,Elizabeth,Guerra,6/10/1979,***-**-8260,MI
364,Susan,Calderon,3/23/1995,***-**-7196,LA
393,Elizabeth,Mendoza,10/21/1994,***-**-6017,OK
69,Mary,Martinez,11/15/1974,***-**-6129,NJ
400,Scott,Manning,3/18/1982,***-**-1886,OR
463,Melanie,Richardson,11/25/1992,***-**-3283,NC
39,Marie,Moreno,11/25/1976,***-**-9464,ND
583,Courtney,Allen,12/8/1993,***-**-1352,VA
354,Eric,Parker,12/12/1987,***-**-0447,AL
298,Billy,Potter,1/4/1980,***-**-4703,UT
238,Maria,Maxwell,10/28/1987,***-**-1115,TN
362,Amber,Keith,12/5/1975,***-**-8046,AZ
426,Thomas,Bennett,5/3/1985,***-**-6857,MT
307,Ryan,Thompson,7/3/1990,***-**-5656,NM
166,Joseph,Hughes,8/24/1982,***-**-7659,RI
88,Jonathan,Miller,1/31/1985,***-**-3462,IN
63,Scott,Perez,2/26/1975,***-**-6533,AL
382,Mark,Byrd,9/29/1989,***-**-6415,MO
527,Shawn,Walls,10/20/1976,***-**-1205,NM
395,Michael,Doyle,2/5/1975,***-**-7289,NC
172,Robert,Allen,4/15/1980,***-**-8280,MS
140,Tyler,Wheeler,9/3/1977,***-**-6962,AZ
350,Patrick,Khan,9/16/1979,***-**-4594,NC
248,Sharon,Hayden,7/6/1982,***-**-4499,MD
26,Mia,Webster,5/6/1992,***-**-1975,IL
401,Amanda,Combs,3/2/1979,***-**-1149,KY
320,Lucas,White,6/8/1984,***-**-6175,UT
396,Latoya,Thomas,7/7/1993,***-**-1601,WI
234,Michael,Thompson,7/19/1982,***-**-6254,KY
184,Thomas,Andrews,4/20/1987,***-**-8206,AZ
333,Marissa,Smith,6/6/1991,***-**-2953,NM
253,Joshua,Cook,8/1/1975,***-**-8233,MA
461,Martha,Martinez,3/5/1993,***-**-1449,IA
496,Jeremiah,Livingston,12/1/1995,***-**-6065,VT
263,Jose,Novak,2/14/1987,***-**-8831,KY
636,Samantha,Hall,8/17/1978,***-**-4895,NV
369,Erica,Lawrence,6/26/1989,***-**-8006,WA
244,Holly,Cooper,6/16/1992,***-**-7306,WY
161,Keith,Meza,7/1/1976,***-**-1405,MI
18,Karen,Cruz,4/11/1975,***-**-6546,NH
208,Ronald,Dyer,8/18/1981,***-**-8933,WV
363,Heidi,Stewart,2/3/1976,***-**-0338,VA
237,Joseph,Lee,7/4/1985,***-**-1300,WY
389,Mark,Brown,11/11/1975,***-**-2430,MS
54,Denise,Smith,4/23/1986,***-**-7988,TX
482,Lynn,Smith,6/26/1987,***-**-4923,NY
4,Sarah,Hayes,2/15/1994,***-**-5926,NH
515,Melissa,Nguyen,11/6/1995,***-**-9121,MD
522,Margaret,Henderson,9/10/1982,***-**-6683,TN
649,Sarah,Gonzalez,2/25/1974,***-**-9290,OR
630,Mark,Graves,1/17/1980,***-**-2746,AZ
421,Kevin,Diaz,2/20/1979,***-**-4806,SC
623,Mike,Novak,8/18/1974,***-**-0870,AR
97,John,Lang,9/26/1988,***-**-4593,RI
391,Jason,Moore,11/6/1990,***-**-8356,DE
533,James,Brown,8/20/1976,***-**-8388,IL
358,Michael,Glenn,11/13/1991,***-**-3569,IA
550,Anne,Holmes,10/24/1993,***-**-8341,RI
317,Jeffery,Contreras,12/2/1973,***-**-6604,LA
305,Nicole,Fox,2/4/1992,***-**-3909,NH
455,Charles,Reynolds,7/8/1990,***-**-3348,GA
447,James,Malone,6/5/1981,***-**-2012,UT
346,Sarah,Jarvis,12/31/1993,***-**-6805,MN
287,Ashley,Alvarez,10/21/1986,***-**-5762,NV
227,Matthew,Thomas,8/7/1990,***-**-6658,TN
34,Jason,Torres,7/26/1987,***-**-9122,TX
100,Rebecca,Soto,11/13/1974,***-**-7344,WY
645,Veronica,Guzman,6/1/1978,***-**-2481,NY
540,Colleen,Cruz,6/7/1983,***-**-4636,RI
201,Mary,Tate,8/19/1982,***-**-1579,HI
146,Lisa,Kim,2/12/1991,***-**-3137,MA
196,Ashley,Wyatt,5/18/1979,***-**-6138,MS
601,Kelly,Ward,6/11/1981,***-**-3838,UT
296,Sean,Meza,7/8/1974,***-**-7000,NY
609,Ricardo,Maxwell,7/15/1986,***-**-0545,LA
228,Kimberly,Bauer,8/8/1992,***-**-0166,HI
168,Carrie,Lee,11/22/1976,***-**-6016,KY
384,Terri,Kelly,8/20/1990,***-**-1152,AK
66,Kellie,Frye,7/6/1990,***-**-4113,WI
21,Lisa,Nguyen,8/5/1973,***-**-8323,KY
64,Stephanie,Lyons,9/12/1986,***-**-3826,WV
117,Stacy,Gallegos,8/13/1990,***-**-4468,OR
532,Jenny,Sandoval,4/1/1979,***-**-7285,LA
40,Jade,Martin,2/25/1978,***-**-6198,GA
170,John,Singleton,10/8/1978,***-**-0119,NJ
226,Christopher,Byrd,5/4/1986,***-**-6248,OK
332,Crystal,Briggs,12/11/1986,***-**-2582,VT
612,Frances,Gonzalez,9/5/1986,***-**-4663,OH
640,Jacob,Brown,5/29/1985,***-**-4230,UT
47,Aaron,Bowman,10/17/1994,***-**-2432,ND
573,Kevin,Peterson,7/23/1978,***-**-3279,AK
217,Stacy,Walker,9/27/1976,***-**-1957,LA
203,Nicholas,Calhoun,11/28/1985,***-**-9336,TX
79,Mary,Snyder,12/11/1987,***-**-9189,MD
408,Alexandria,Martin,3/10/1986,***-**-2668,NM
111,Christopher,Davis,8/6/1982,***-**-0888,NM
133,Paul,Campbell,3/5/1986,***-**-9294,WY
594,Emily,Norman,2/10/1989,***-**-1206,IA
50,Renee,Jones,12/2/1983,***-**-6208,NC
104,David,Thompson,12/7/1995,***-**-8518,VT
101,Robyn,Sims,11/12/1983,***-**-2628,VT
560,Connie,Humphrey,6/21/1990,***-**-2980,MT
90,Nathan,Barrett,2/13/1991,***-**-6614,LA
542,Alicia,Olson,1/24/1981,***-**-4000,NE
294,Maureen,Vasquez,2/1/1995,***-**-7067,VA
150,Devin,Smith,7/1/1993,***-**-3301,CA
277,David,Trujillo,10/26/1985,***-**-9564,OR
247,Keith,Chapman,2/1/1993,***-**-0738,CO
291,Corey,Berger,7/14/1987,***-**-8291,VA
251,Zachary,Ray,2/12/1987,***-**-2476,VT
28,Danielle,Hill,7/9/1981,***-**-5924,MT
453,Rachel,Brewer,6/20/1975,***-**-4201,CT
272,Daniel,Moody,6/28/1992,***-**-9445,TX
29,Joseph,Robbins,9/3/1974,***-**-0977,FL
619,Paul,Ortega,12/27/1974,***-**-3745,MA
297,Justin,Estrada,5/12/1983,***-**-8357,MI
385,Melissa,Davis,8/5/1993,***-**-9414,WA
51,Michael,Jones,10/4/1994,***-**-6567,OR
580,Zachary,Kaiser,2/2/1983,***-**-1059,UT
457,Kimberly,Zuniga,8/10/1993,***-**-3962,LA
485,Ashley,Krause,6/13/1988,***-**-9308,TX
638,Maria,Smith,10/11/1982,***-**-9024,VT
377,Thomas,Johnson,9/1/1987,***-**-3727,MS
471,Nicholas,Clark,5/20/1974,***-**-3445,IN
487,Courtney,Davis,3/28/1990,***-**-4092,OK
564,Cathy,Flores,11/16/1984,***-**-0405,NY
84,Jacob,Washington,10/3/1982,***-**-5553,IL
626,Richard,Davis,9/24/1992,***-**-6086,VT
436,Emma,Johnson,12/4/1994,***-**-9410,PA
179,Carolyn,Hughes,7/4/1978,***-**-5108,WV
154,Steven,Nguyen,8/3/1973,***-**-2007,WI
488,David,Nunez,8/26/1993,***-**-5199,HI
403,David,French,3/9/1983,***-**-5913,MN
356,Jessica,Reeves,10/15/1979,***-**-8742,AR
325,Mitchell,Avery,10/21/1976,***-**-7085,FL
46,Mikayla,Robinson,8/29/1983,***-**-6492,NC
432,Jessica,Herrera,11/30/1995,***-**-4941,VA
498,Alexis,Gonzalez,7/12/1974,***-**-7878,LA
299,Alex,Hess,12/26/1980,***-**-3816,NH
569,Alyssa,Sanders,2/22/1988,***-**-8975,NC
138,Felicia,Singh,9/13/1983,***-**-5536,MA
108,Tiffany,Burgess,11/17/1987,***-**-5016,TX
285,Wendy,Chan,11/16/1981,***-**-9929,OH
36,Tiffany,Stafford,10/28/1990,***-**-0281,IN
1,Carl,Rodriguez,3/5/1994,***-**-0615,MA
326,David,Mullins,3/12/1987,***-**-3267,CT
552,Kevin,Carey,7/7/1976,***-**-3483,GA
60,Hector,Smith,5/8/1995,***-**-6397,TX
78,Vickie,Chung,7/28/1987,***-**-3224,AL
558,Thomas,Cruz,2/6/1987,***-**-7254,OH
344,Randy,Smith,11/26/1990,***-**-3442,NY
276,Anita,Jackson,9/11/1980,***-**-1181,NE
404,Jennifer,Scott,10/3/1984,***-**-4051,NM
445,Bruce,Davis,9/26/1992,***-**-4455,FL
223,Donald,Wilson,4/8/1984,***-**-7517,CA
537,Traci,Wilson,2/10/1982,***-**-9050,WV
180,Cameron,Garner,1/18/1995,***-**-9280,IL
600,Gabriela,Pitts,4/14/1976,***-**-2730,MT
271,Karen,Krueger,2/3/1992,***-**-6215,NE
71,Pamela,Rollins,1/11/1974,***-**-7448,UT
336,Kyle,Smith,3/31/1995,***-**-1951,FL
442,Donald,Johnson,6/16/1990,***-**-1155,NE
625,David,Sullivan,5/23/1992,***-**-9900,VT
616,Anna,Ibarra,1/23/1980,***-**-4893,HI
273,Trevor,Diaz,2/20/1991,***-**-7558,OR
435,Kathy,Larson,7/23/1977,***-**-4352,CO
654,Hannah,Powell,10/9/1986,***-**-2214,AR
281,Ralph,Farrell,12/31/1979,***-**-1691,AL
388,Jennifer,Sanchez,2/5/1977,***-**-8013,TN
318,Keith,Richard,6/8/1978,***-**-2233,NC
466,Nathan,Moreno,3/31/1995,***-**-3383,KY
500,Cynthia,Morris,6/14/1979,***-**-4588,KY
360,Jennifer,Lopez,4/11/1979,***-**-5113,CT
274,Louis,Flores,10/20/1991,***-**-6644,MD
567,Nicholas,Forbes,2/19/1975,***-**-3220,NE
194,Joseph,Castro,9/18/1975,***-**-6014,LA
610,Linda,Miller,8/31/1992,***-**-3180,MN
480,Craig,Perry,9/29/1973,***-**-3810,VT
266,Shirley,Flores,6/2/1985,***-**-5205,NE
131,Bethany,Mcclure,4/23/1987,***-**-4605,AZ
353,Francisco,Levine,10/9/1987,***-**-1969,NV
561,Vanessa,Williams,12/16/1983,***-**-3445,WY
165,Monica,Smith,3/7/1973,***-**-9271,GA
197,Nancy,Cook,11/15/1990,***-**-6886,OH
373,Roger,English,2/18/1989,***-**-3933,MO
134,Robert,Lopez,5/25/1976,***-**-6069,NM
357,Maria,Clark,12/10/1980,***-**-1354,NJ
419,Kimberly,Castillo,6/27/1973,***-**-0229,SD
410,Hunter,Mitchell,7/24/1984,***-**-0487,NH
144,Kimberly,Martinez,10/22/1985,***-**-3235,HI
431,Patricia,Sutton,3/3/1994,***-**-5824,CO
602,Jamie,Davis,5/3/1978,***-**-2946,OR
446,Madeline,Eaton,4/16/1990,***-**-1597,OR
17,Rachel,Johnson,6/19/1984,***-**-4138,HI
222,Amy,Hill,1/1/1991,***-**-5020,GA
132,Rachel,Lee,1/26/1995,***-**-0365,WA
429,Michele,Johnson,5/29/1974,***-**-7608,VT
617,Denise,Smith,6/28/1977,***-**-7072,DE
289,Patricia,Schmidt,6/24/1992,***-**-7204,CT
207,Eduardo,Dominguez,2/8/1993,***-**-1469,NH
256,Heather,Kidd,10/28/1980,***-**-9114,WA
526,Michael,Bowers,12/27/1990,***-**-6393,OK
476,Roger,Aguilar,4/26/1981,***-**-1626,ND
422,David,Green,7/14/1984,***-**-5120,TN
178,Zachary,Norman,2/20/1990,***-**-7097,DE
62,Rose,Rivera,12/4/1973,***-**-5017,SD
618,Adrienne,Reid,5/23/1987,***-**-6253,IN
306,Sarah,Powers,4/11/1989,***-**-8491,NE
621,James,Nelson,7/8/1974,***-**-3907,PA
647,Sandy,Young,7/1/1981,***-**-8950,AR
631,Daniel,Hudson,6/12/1983,***-**-7227,CA
270,Keith,Franklin,7/26/1973,***-**-7100,MT
405,Krystal,Bennett,12/25/1995,***-**-6207,WI
459,Scott,Johnson,5/3/1990,***-**-7002,VA
381,Isaac,Mcknight,5/7/1982,***-**-0928,AR
98,Cynthia,Smith,7/14/1984,***-**-5635,AK
568,Nicole,Smith,2/4/1996,***-**-2536,IA
195,Daniel,Taylor,3/9/1974,***-**-1463,MD
652,Justin,Diaz,7/7/1986,***-**-9569,MS
209,Melissa,Davis,9/6/1992,***-**-8616,NE
327,Henry,Farmer,4/26/1994,***-**-0410,UT
258,Timothy,Jordan,8/13/1993,***-**-4816,WV
257,Christian,Fowler,7/28/1990,***-**-8037,UT
155,Rodney,Foley,5/23/1991,***-**-0573,WY
390,Dustin,Bauer,11/5/1987,***-**-6204,KY
48,Shawn,Conner,6/1/1974,***-**-2569,OR
575,Stephanie,Farrell,7/3/1991,***-**-2538,UT
167,Francis,Pham,11/19/1992,***-**-7211,PA
91,Gabriel,Ray,7/20/1977,***-**-7854,DE
585,Brianna,Dalton,11/20/1975,***-**-4285,LA
339,Michael,Kim,11/16/1989,***-**-6176,MD
286,Zachary,Evans,10/12/1988,***-**-2880,KY
293,Angela,Hernandez,11/18/1995,***-**-0515,NV
548,Jamie,Hoffman,10/29/1990,***-**-4916,TX
32,Erin,Alexander,12/15/1993,***-**-4270,PA
420,Steven,Martin,8/30/1974,***-**-8733,VA
164,Danielle,Rodriguez,7/5/1979,***-**-7634,WV
497,Brandy,Galloway,3/1/1989,***-**-9939,TN
478,Jeffrey,Clark,12/6/1974,***-**-2288,ND
372,Michael,Hunt,5/26/1975,***-**-0900,WI
370,Gregg,Chang,9/2/1992,***-**-1822,MS
242,Kevin,Lowery,10/13/1985,***-**-0156,GA
597,Matthew,Reeves,1/13/1996,***-**-2865,ND
171,Richard,Michael,5/14/1979,***-**-4835,IL
622,Elizabeth,Mckay,7/17/1991,***-**-2571,AZ
302,Robert,Jones,2/24/1980,***-**-7708,VT
374,Elizabeth,Campbell,4/15/1973,***-**-6515,NV
267,Kaitlyn,Martin,10/28/1983,***-**-2376,MN
588,Ryan,Smith,4/21/1979,***-**-5695,NV
9,Zachary,Zamora,6/28/1995,***-**-1588,SC
85,Jennifer,Ford,9/6/1988,***-**-2269,KS
607,Tiffany,Schultz,3/28/1984,***-**-4801,RI
494,Karen,Austin,7/12/1979,***-**-3539,WY
16,Sabrina,Guzman,1/21/1993,***-**-4109,WV
56,Corey,Edwards,7/16/1984,***-**-4681,MS
269,Billy,Lawson,12/17/1974,***-**-5369,WA
529,Brian,Kim,12/12/1993,***-**-6524,ND
43,Alexander,Peterson,6/5/1978,***-**-3208,LA
224,Andre,Robinson,2/23/1994,***-**-0213,IA
189,Jeremy,Morris,12/3/1990,***-**-9762,WI
510,Aaron,Hayden,10/25/1974,***-**-6948,ME
520,Steven,Baker,10/27/1985,***-**-6987,WA
290,Joshua,Ellis,7/15/1978,***-**-2060,AK
252,Kyle,King,7/15/1991,***-**-7518,VT
604,Carmen,Graham,10/20/1975,***-**-1910,OR
449,Jesse,Moses,9/23/1980,***-**-9815,NE
2,Allison,Aguilar,8/22/1988,***-**-5266,NH
450,Eugene,Wood,10/12/1984,***-**-5534,NV
112,Kimberly,Davenport,12/31/1981,***-**-4618,TN
109,Daniel,Torres,7/1/1980,***-**-4719,DE
151,James,Kane,6/8/1987,***-**-3512,SD
589,Lindsay,Powers,8/9/1989,***-**-8091,UT
472,Robert,Elliott,9/29/1994,***-**-9244,MT
439,Ashley,Herring,9/8/1973,***-**-0818,OR
603,Marissa,Rosario,12/20/1991,***-**-0587,TN
444,Jacob,Klein,11/16/1988,***-**-0176,PA
549,Matthew,Martinez,8/1/1984,***-**-3485,WY
3,Keith,Mann,4/16/1981,***-**-9548,ME
175,Christine,Becker,4/1/1979,***-**-3803,WI
469,Kevin,Rogers,4/8/1982,***-**-4613,DE
268,Stephanie,Ingram,12/15/1980,***-**-0360,IN
342,Arthur,Williams,2/29/1976,***-**-9935,MI
394,Kelli,Hancock,8/11/1977,***-**-6658,KS
392,Vincent,Johnson,7/3/1990,***-**-1884,TN
359,Joann,Freeman,12/20/1980,***-**-3306,NH
534,Kimberly,Moore,12/12/1974,***-**-0592,NC
468,Jennifer,Campbell,1/9/1981,***-**-4896,RI
620,Hunter,Andrews,5/12/1981,***-**-6092,IL
152,Linda,Adkins,12/15/1981,***-**-9382,PA
365,Danielle,Murray,12/25/1980,***-**-6481,AL
507,Michael,Hanna,8/14/1974,***-**-8866,PA
451,Jason,Simpson,7/13/1988,***-**-8978,VT
559,Elizabeth,Thomas,10/2/1987,***-**-3749,MS
343,Julie,Le,11/17/1994,***-**-0788,AL
77,Laura,Hoover,12/27/1975,***-**-7308,AL
148,Darryl,Howe,2/2/1984,***-**-2655,CT
629,Sophia,Bell,7/1/1988,***-**-6683,TX
595,Tyler,Burke,2/3/1986,***-**-9909,AK
33,Tara,Ortiz,10/4/1981,***-**-5112,IL
579,Deborah,Powell,5/20/1994,***-**-4709,NM
519,Christopher,Owen,3/23/1995,***-**-1227,MO
646,Angela,Riddle,8/4/1980,***-**-2684,SD
300,Christina,White,2/26/1987,***-**-2586,FL
